Bit Depth Values: [21, 24]
NumPackets Values: [100, 200]
CC Values: [4, 8]
SSIM Data:
[0.50054145 0.53995052],[0.70248144 0.77033526]
[0.45309554 0.50763659],[0.65949106 0.72129528]
